Date,Opponents,Attendance,Town,Town Latitude,Town Longitude,Opponents Distance,Year,Day,Month,Month Name,Max Temp C,Min Temp C,Rain mm
1984-09-02,Rochdale,1425,Rochdale,53.6169648505924,-2.15670801279661,32.59332470438116,1984,Sunday,9,September,16.7,10.4,117.6
1984-09-09,Fulham,1145,Fulham,51.4716259639774,-0.211248401472186,142.2535396503062,1984,Sunday,9,September,16.7,10.4,117.6
1984-09-23,Salford,1159,Salford,53.7107014676756,-2.09860666489657,34.39836554914088,1984,Sunday,9,September,16.7,10.4,117.6
1984-10-14,Runcorn,1076,Runcorn,53.3417128434191,-2.73129828457813,52.14161493961556,1984,Sunday,10,October,14.3,7.7,82.7
1984-10-28,Bridgend,826,Bridgend,56.2956995499054,-2.97822258533544,210.04098238530946,1984,Sunday,10,October,14.3,7.7,82.7
1984-11-04,Wakefield,1279,Wakefield,53.6837065635892,-1.49816942672736,20.846247782930828,1984,Sunday,11,November,9.8,5.7,124.9
1984-11-11,Dewsbury,909,Dewsbury,53.6917201746677,-1.62768871869344,22.341546560529377,1984,Sunday,11,November,9.8,5.7,124.9
1984-12-02,Batley,835,Batley,53.7144427785144,-1.63370047807361,23.91559243431121,1984,Sunday,12,December,7.3,2.4,47.6
1984-12-16,Blackpool,513,Blackpool,53.8208645730056,-3.05154264808477,71.61976568681085,1984,Sunday,12,December,7.3,2.4,47.6
1984-12-30,Doncaster,803,Doncaster,53.5227247729436,-1.13235216699057,16.887288503449927,1984,Sunday,12,December,7.3,2.4,47.6
1985-02-17,Warrington,1479,Warrington,53.3895737691761,-2.5908970528279,46.25314798189232,1985,Sunday,2,February,5.7,-0.3,4.6
1985-03-10,Carlisle,610,Carlisle,54.8926244001824,-2.93301937193098,119.99634180911629,1985,Sunday,3,March,8.2,1.7,48.8
1985-03-29,Swinton,1146,Swinton,53.512219777357,-2.34030566231619,36.97502267798857,1985,Friday,3,March,8.2,1.7,48.8
1985-04-05,Mansfield,594,Mansfield,55.4032017373724,-4.1798969772212,177.14290993948714,1985,Friday,4,April,11.6,4.8,69.5
1985-04-17,Keighley,628,Keighley,53.8674762656362,-1.90961927150711,38.07164777199404,1985,Wednesday,4,April,11.6,4.8,69.5
1985-04-28,Whitehaven,714,Whitehaven,54.5507278137594,-3.58746267859761,118.02544857451929,1985,Sunday,4,April,11.6,4.8,69.5
1985-09-01,Doncaster,504,Doncaster,53.5227247729436,-1.13235216699057,16.887288503449927,1985,Sunday,9,September,18.8,11,14.2
1985-09-15,Mansfield,609,Mansfield,55.4032017373724,-4.1798969772212,177.14290993948714,1985,Sunday,9,September,18.8,11,14.2
1985-09-22,Wakefield,1242,Wakefield,53.6837065635892,-1.49816942672736,20.846247782930828,1985,Sunday,9,September,18.8,11,14.2
1985-10-06,Runcorn,496,Runcorn,53.3417128434191,-2.73129828457813,52.14161493961556,1985,Sunday,10,October,14.4,8.7,33.6
1985-10-20,Rochdale,1658,Rochdale,53.6169648505924,-2.15670801279661,32.59332470438116,1985,Sunday,10,October,14.4,8.7,33.6
1985-11-03,Keighley,514,Keighley,53.8674762656362,-1.90961927150711,38.07164777199404,1985,Sunday,11,November,6.6,1.4,78.2
1985-11-17,Whitehaven,714,Whitehaven,54.5507278137594,-3.58746267859761,118.02544857451929,1985,Sunday,11,November,6.6,1.4,78.2
1985-11-24,Bradford,1342,Bradford,50.842260748221,-4.24552088252458,211.3628397865572,1985,Sunday,11,November,6.6,1.4,78.2
1985-12-15,Hunslet,645,Hunslet,53.7787866218433,-1.53697703982988,27.523656673851814,1985,Sunday,12,December,8.2,4,78
1986-01-12,Bramley,400,Bramley,51.3305421312502,-1.0606388632333,142.8178481549288,1986,Sunday,1,January,5.4,0.6,174.1
1986-01-19,Leigh,1000,Leigh,50.7986148206032,-1.96623431051373,179.77477352854174,1986,Sunday,1,January,5.4,0.6,174.1
1986-03-16,Blackpool,400,Blackpool,53.8208645730056,-3.05154264808477,71.61976568681085,1986,Sunday,3,March,8.2,1.8,67.4
1986-03-30,Huddersfield,650,Huddersfield,53.6442835911505,-1.78220085442729,22.208249502777665,1986,Sunday,3,March,8.2,1.8,67.4
1986-04-13,Batley,600,Batley,53.7144427785144,-1.63370047807361,23.91559243431121,1986,Sunday,4,April,9,2.3,111
1986-04-20,Fulham,700,Fulham,51.4716259639774,-0.211248401472186,142.2535396503062,1986,Sunday,4,April,9,2.3,111
1986-04-27,Carlisle,650,Carlisle,54.8926244001824,-2.93301937193098,119.99634180911629,1986,Sunday,4,April,9,2.3,111
1986-05-05,Workington,500,Workington,54.6433740020279,-3.5493692518853,121.34245037563076,1986,Monday,5,May,16,7.5,94.7
1986-05-07,Barrow,600,Barrow,51.1721895775365,-2.64292218669653,160.579615645515,1986,Wednesday,5,May,16,7.5,94.7
1986-08-31,Mansfield,594,Mansfield,55.4032017373724,-4.1798969772212,177.14290993948714,1986,Sunday,8,August,17.1,9.7,109.9
1986-09-03,Doncaster,654,Doncaster,53.5227247729436,-1.13235216699057,16.887288503449927,1986,Wednesday,9,September,16.1,7.6,9.5
1986-09-14,Dewsbury,641,Dewsbury,53.6917201746677,-1.62768871869344,22.341546560529377,1986,Sunday,9,September,16.1,7.6,9.5
1986-09-28,Dewsbury,522,Dewsbury,53.6917201746677,-1.62768871869344,22.341546560529377,1986,Sunday,9,September,16.1,7.6,9.5
1986-10-01,Huddersfield,686,Huddersfield,53.6442835911505,-1.78220085442729,22.208249502777665,1986,Wednesday,10,October,14.3,7.3,85.7
1986-10-12,Carlisle,412,Carlisle,54.8926244001824,-2.93301937193098,119.99634180911629,1986,Sunday,10,October,14.3,7.3,85.7
1986-10-26,York,507,York,53.7985731804406,-2.44282326711126,49.22209729133019,1986,Sunday,10,October,14.3,7.3,85.7
1986-11-09,Fulham,564,Fulham,51.4716259639774,-0.211248401472186,142.2535396503062,1986,Sunday,11,November,10.6,4.7,93
1986-11-23,Batley,567,Batley,53.7144427785144,-1.63370047807361,23.91559243431121,1986,Sunday,11,November,10.6,4.7,93
1986-11-30,Bramley,415,Bramley,51.3305421312502,-1.0606388632333,142.8178481549288,1986,Sunday,11,November,10.6,4.7,93
1986-12-07,Barrow,513,Barrow,51.1721895775365,-2.64292218669653,160.579615645515,1986,Sunday,12,December,8.5,3.2,142.3
1987-01-18,Bramley,709,Bramley,51.3305421312502,-1.0606388632333,142.8178481549288,1987,Sunday,1,January,3.4,-1.1,52.9
1987-01-25,Swinton,880,Swinton,53.512219777357,-2.34030566231619,36.97502267798857,1987,Sunday,1,January,3.4,-1.1,52.9
1987-02-05,Keighley,375,Keighley,53.8674762656362,-1.90961927150711,38.07164777199404,1987,Thursday,2,February,6.7,1,35.1
1987-02-08,Workington,341,Workington,54.6433740020279,-3.5493692518853,121.34245037563076,1987,Sunday,2,February,6.7,1,35.1
1987-03-01,Keighley,393,Keighley,53.8674762656362,-1.90961927150711,38.07164777199404,1987,Sunday,3,March,7.3,1.2,89.2
1987-03-29,Hunslet,1211,Hunslet,53.7787866218433,-1.53697703982988,27.523656673851814,1987,Sunday,3,March,7.3,1.2,89.2
1987-04-12,Runcorn,609,Runcorn,53.3417128434191,-2.73129828457813,52.14161493961556,1987,Sunday,4,April,14.6,6.1,64.6
1987-04-19,Doncaster,1922,Doncaster,53.5227247729436,-1.13235216699057,16.887288503449927,1987,Sunday,4,April,14.6,6.1,64.6
1987-09-06,Rochdale,752,Rochdale,53.6169648505924,-2.15670801279661,32.59332470438116,1987,Sunday,9,September,17.4,9.3,67.2
1987-09-27,Whitehaven,721,Whitehaven,54.5507278137594,-3.58746267859761,118.02544857451929,1987,Sunday,9,September,17.4,9.3,67.2
1987-10-07,Bramley,426,Bramley,51.3305421312502,-1.0606388632333,142.8178481549288,1987,Wednesday,10,October,12.5,6,119.5
1987-10-18,Wakefield,1183,Wakefield,53.6837065635892,-1.49816942672736,20.846247782930828,1987,Sunday,10,October,12.5,6,119.5
1987-11-08, Mansfield,495,Mansfield,55.4032017373724,-4.1798969772212,177.14290993948714,1987,Sunday,11,November,8.5,4.1,53.5
1987-11-22,Featherstone,785,Featherstone,53.6746306224241,-1.35917767663436,20.67730355800864,1987,Sunday,11,November,8.5,4.1,53.5
1987-11-29,Fulham,466,Fulham,51.4716259639774,-0.211248401472186,142.2535396503062,1987,Sunday,11,November,8.5,4.1,53.5
1987-12-13,York,480,York,53.7985731804406,-2.44282326711126,49.22209729133019,1987,Sunday,12,December,7.9,3.8,38.2
1988-01-10,Barrow,483,Barrow,51.1721895775365,-2.64292218669653,160.579615645515,1988,Sunday,1,January,7.2,2.5,173.9
1988-01-24,Carlisle,446,Carlisle,54.8926244001824,-2.93301937193098,119.99634180911629,1988,Sunday,1,January,7.2,2.5,173.9
1988-02-28,Batley,583,Batley,53.7144427785144,-1.63370047807361,23.91559243431121,1988,Sunday,2,February,7.3,2.2,81
1988-03-06,Dewsbury,462,Dewsbury,53.6917201746677,-1.62768871869344,22.341546560529377,1988,Sunday,3,March,9.3,2.8,97.3
1988-03-27,Oldham,2316,Oldham,53.5421657962779,-2.11595949931263,28.825735711277947,1988,Sunday,3,March,9.3,2.8,97.3
1988-04-10,Doncaster,2397,Doncaster,53.5227247729436,-1.13235216699057,16.887288503449927,1988,Sunday,4,April,11.6,5,44.1
1988-08-28,Bramley,700,Bramley,51.3305421312502,-1.0606388632333,142.8178481549288,1988,Sunday,8,August,19.5,11.7,78.6
1988-08-31,Wakefield,1356,Wakefield,53.6837065635892,-1.49816942672736,20.846247782930828,1988,Wednesday,8,August,19.5,11.7,78.6
1988-09-11,Barrow,365,Barrow,51.1721895775365,-2.64292218669653,160.579615645515,1988,Sunday,9,September,16.5,9.7,51.7
1988-09-21,Mansfield,380,Mansfield,55.4032017373724,-4.1798969772212,177.14290993948714,1988,Wednesday,9,September,16.5,9.7,51.7
1988-10-16,Leigh,903,Leigh,50.7986148206032,-1.96623431051373,179.77477352854174,1988,Sunday,10,October,13,7.1,88.9
1988-10-23,Batley,515,Batley,53.7144427785144,-1.63370047807361,23.91559243431121,1988,Sunday,10,October,13,7.1,88.9
1988-10-26,York,481,York,53.7985731804406,-2.44282326711126,49.22209729133019,1988,Wednesday,10,October,13,7.1,88.9
1988-11-06,Keighley,484,Keighley,53.8674762656362,-1.90961927150711,38.07164777199404,1988,Sunday,11,November,9,2.6,50.5
1988-11-13,Wigan St Pats,621,Wigan,53.5455435760623,-2.62969531846227,49.07194367619324,1988,Sunday,11,November,9,2.6,50.5
1988-11-27,Widnes,2716,Widnes,53.3620821677151,-2.73412654458895,52.18859666247889,1988,Sunday,11,November,9,2.6,50.5
1988-12-18,Dewsbury,814,Dewsbury,53.6917201746677,-1.62768871869344,22.341546560529377,1988,Sunday,12,December,9.8,5.4,36
1989-01-22,Swinton,1034,Swinton,53.512219777357,-2.34030566231619,36.97502267798857,1989,Sunday,1,January,9,3.9,20.6
1989-01-29,Leigh,1898,Leigh,50.7986148206032,-1.96623431051373,179.77477352854174,1989,Sunday,1,January,9,3.9,20.6
1989-02-12,Oldham,3636,Oldham,53.5421657962779,-2.11595949931263,28.825735711277947,1989,Sunday,2,February,9.1,2.9,75.3
1989-02-19,Huddersfield,774,Huddersfield,53.6442835911505,-1.78220085442729,22.208249502777665,1989,Sunday,2,February,9.1,2.9,75.3
1989-03-05,Doncaster,2254,Doncaster,53.5227247729436,-1.13235216699057,16.887288503449927,1989,Sunday,3,March,11,3.9,77.7
1989-03-12,Hunslet,774,Hunslet,53.7787866218433,-1.53697703982988,27.523656673851814,1989,Sunday,3,March,11,3.9,77.7
1989-03-26,Fulham,1005,Fulham,51.4716259639774,-0.211248401472186,142.2535396503062,1989,Sunday,3,March,11,3.9,77.7
1989-04-02,Chorley,1252,Chorley,53.6543318850006,-2.63281388848266,51.383572255598324,1989,Sunday,4,April,9.6,2.7,115.5
1989-04-23,Doncaster,1725,Doncaster,53.5227247729436,-1.13235216699057,16.887288503449927,1989,Sunday,4,April,9.6,2.7,115.5
1989-09-03,St Helens,6200,St Helens,53.4553424455602,-2.73818933485438,52.52127636542402,1989,Sunday,9,September,18.5,10.6,23.3
1989-10-08,Widnes,8636,Widnes,53.3620821677151,-2.73412654458895,52.18859666247889,1989,Sunday,10,October,14.9,8.5,65.3
1989-10-29,Leeds,4622,Leeds,53.8007051115385,-1.550263719871,29.08825582694335,1989,Sunday,10,October,14.9,8.5,65.3
1989-11-05,Wigan,7642,Wigan,53.5455435760623,-2.62969531846227,49.07194367619324,1989,Sunday,11,November,9,4,42.6
1989-11-19,Bradford,2986,Bradford,50.842260748221,-4.24552088252458,211.3628397865572,1989,Sunday,11,November,9,4,42.6
1989-12-01,Rochdale,2307,Rochdale,53.6169648505924,-2.15670801279661,32.59332470438116,1989,Friday,12,December,6.7,2.8,159.1
1989-12-17,Castleford,3014,Castleford,53.7257975040873,-1.35353517552403,24.184034641290065,1989,Sunday,12,December,6.7,2.8,159.1
1990-01-03,Featherstone,2756,Featherstone,53.6746306224241,-1.35917767663436,20.67730355800864,1990,Wednesday,1,January,8.9,3.9,128.7
1990-01-07,Warrington,1298,Warrington,53.3895737691761,-2.5908970528279,46.25314798189232,1990,Sunday,1,January,8.9,3.9,128.7
1990-02-04,Wakefield,5104,Wakefield,53.6837065635892,-1.49816942672736,20.846247782930828,1990,Sunday,2,February,9.7,4.4,115.2
1990-02-25,Barrow,1002,Barrow,51.1721895775365,-2.64292218669653,160.579615645515,1990,Sunday,2,February,9.7,4.4,115.2
1990-03-04,Leigh,1106,Leigh,50.7986148206032,-1.96623431051373,179.77477352854174,1990,Sunday,3,March,12.4,5.3,21.6
1990-03-09,Castleford,4169,Castleford,53.7257975040873,-1.35353517552403,24.184034641290065,1990,Friday,3,March,12.4,5.3,21.6
1990-03-25,Salford,1121,Salford,53.7107014676756,-2.09860666489657,34.39836554914088,1990,Sunday,3,March,12.4,5.3,21.6
1990-04-15,Hull,5856,Hull,53.8589756237951,-0.404743999331178,54.6280965468031,1990,Sunday,4,April,13.1,3.9,25.9
1990-09-26,Wakefield,7984,Wakefield,53.6837065635892,-1.49816942672736,20.846247782930828,1990,Wednesday,9,September,16.7,9.6,30.4
1990-09-30,Warrington,4920,Warrington,53.3895737691761,-2.5908970528279,46.25314798189232,1990,Sunday,9,September,16.7,9.6,30.4
1990-10-14,Oldham,5189,Oldham,53.5421657962779,-2.11595949931263,28.825735711277947,1990,Sunday,10,October,14.4,8.6,129.7
1990-10-30,Bradford,4119,Bradford,50.842260748221,-4.24552088252458,211.3628397865572,1990,Tuesday,10,October,14.4,8.6,129.7
1990-11-18,Bradford,2788,Bradford,50.842260748221,-4.24552088252458,211.3628397865572,1990,Sunday,11,November,8.8,4.9,47.9
1990-12-16,Leeds,4714,Leeds,53.8007051115385,-1.550263719871,29.08825582694335,1990,Sunday,12,December,6.7,2.6,136
1990-12-23,St Helens,3111,St Helens,53.4553424455602,-2.73818933485438,52.52127636542402,1990,Sunday,12,December,6.7,2.6,136
1991-01-06,Wigan,4814,Wigan,53.5455435760623,-2.62969531846227,49.07194367619324,1991,Sunday,1,January,5.5,0.1,86.8
1991-01-20,Rochdale,2160,Rochdale,53.6169648505924,-2.15670801279661,32.59332470438116,1991,Sunday,1,January,5.5,0.1,86.8
1991-01-30,Hull,2847,Hull,53.8589756237951,-0.404743999331178,54.6280965468031,1991,Wednesday,1,January,5.5,0.1,86.8
1991-02-03,Featherstone,3206,Featherstone,53.6746306224241,-1.35917767663436,20.67730355800864,1991,Sunday,2,February,4.8,-0.3,68.5
1991-02-17,Featherstone,2910,Featherstone,53.6746306224241,-1.35917767663436,20.67730355800864,1991,Sunday,2,February,4.8,-0.3,68.5
1991-02-24,Salford,1990,Salford,53.7107014676756,-2.09860666489657,34.39836554914088,1991,Sunday,2,February,4.8,-0.3,68.5
1991-03-10,Castleford,3840,Castleford,53.7257975040873,-1.35353517552403,24.184034641290065,1991,Sunday,3,March,10.7,5.2,58.7
1991-03-24,Hull,3104,Hull,53.8589756237951,-0.404743999331178,54.6280965468031,1991,Sunday,3,March,10.7,5.2,58.7
1991-03-31,Hull KR,2684,Hull,53.8589756237951,-0.404743999331178,54.6280965468031,1991,Sunday,3,March,10.7,5.2,58.7
1991-04-06,Widnes,2578,Widnes,53.3620821677151,-2.73412654458895,52.18859666247889,1991,Saturday,4,April,11.4,4.5,67.2
1991-09-01,Oldham,3454,Oldham,53.5421657962779,-2.11595949931263,28.825735711277947,1991,Sunday,9,September,19.4,9.8,37
1991-09-16,Bradford,2012,Bradford,50.842260748221,-4.24552088252458,211.3628397865572,1991,Monday,9,September,19.4,9.8,37
1991-10-06,Workington,1488,Workington,54.6433740020279,-3.5493692518853,121.34245037563076,1991,Sunday,10,October,12.9,7.7,54.3
1991-10-23,Rochdale,1645,Rochdale,53.6169648505924,-2.15670801279661,32.59332470438116,1991,Wednesday,10,October,12.9,7.7,54.3
1991-11-03,Scarborough,1226,Scarborough,54.2815782989892,-0.40220856227445,75.82285940943304,1991,Sunday,11,November,9.2,3.8,73.1
1991-11-06,Carlisle,1228,Carlisle,54.8926244001824,-2.93301937193098,119.99634180911629,1991,Wednesday,11,November,9.2,3.8,73.1
1991-12-15,Leigh,1913,Leigh,50.7986148206032,-1.96623431051373,179.77477352854174,1991,Sunday,12,December,7.9,2.6,78.4
1991-12-29,R-York,1702,York,53.7985731804406,-2.44282326711126,49.22209729133019,1991,Sunday,12,December,7.9,2.6,78.4
1992-02-09,Hull,3227,Hull,53.8589756237951,-0.404743999331178,54.6280965468031,1992,Sunday,2,February,8.9,2.9,25.9
1992-02-16,Workington,1531,Workington,54.6433740020279,-3.5493692518853,121.34245037563076,1992,Sunday,2,February,8.9,2.9,25.9
1992-02-27,London C,1315,London C,51.7238207942858,-0.295698889813896,124.7428833297214,1992,Thursday,2,February,8.9,2.9,25.9
1992-03-01,Oldham,2529,Oldham,53.5421657962779,-2.11595949931263,28.825735711277947,1992,Sunday,3,March,10.3,4,73.6
1992-03-09,Rochdale,3849,Rochdale,53.6169648505924,-2.15670801279661,32.59332470438116,1992,Monday,3,March,10.3,4,73.6
1992-03-22,Leigh,3228,Leigh,50.7986148206032,-1.96623431051373,179.77477352854174,1992,Sunday,3,March,10.3,4,73.6
1992-04-05,Carlisle,6393,Carlisle,54.8926244001824,-2.93301937193098,119.99634180911629,1992,Sunday,4,April,12.3,5.3,41.8
1992-04-12,London C,1940,London C,51.7238207942858,-0.295698889813896,124.7428833297214,1992,Sunday,4,April,12.3,5.3,41.8
1992-04-19,R-York,2872,York,53.7985731804406,-2.44282326711126,49.22209729133019,1992,Sunday,4,April,12.3,5.3,41.8
1992-04-25,Keighley,1225,Keighley,53.8674762656362,-1.90961927150711,38.07164777199404,1992,Saturday,4,April,12.3,5.3,41.8
1992-05-10,Batley,2512,Batley,53.7144427785144,-1.63370047807361,23.91559243431121,1992,Sunday,5,May,18.7,8.6,57.6
1992-08-28,Wigan,5950,Wigan,53.5455435760623,-2.62969531846227,49.07194367619324,1992,Friday,8,August,19.2,11.3,117.7
1992-09-11,Halifax,3596,Halifax,53.7228304660538,-1.8601759049414,28.483802911037273,1992,Friday,9,September,16.3,9.7,71.9
1992-09-20,Bradford,4286,Bradford,50.842260748221,-4.24552088252458,211.3628397865572,1992,Sunday,9,September,16.3,9.7,71.9
1992-10-04,Castleford,3896,Castleford,53.7257975040873,-1.35353517552403,24.184034641290065,1992,Sunday,10,October,10.2,4.8,66
1992-10-06,Hull,3017,Hull,53.8589756237951,-0.404743999331178,54.6280965468031,1992,Tuesday,10,October,10.2,4.8,66
1992-10-22,Warrington,1662,Warrington,53.3895737691761,-2.5908970528279,46.25314798189232,1992,Thursday,10,October,10.2,4.8,66
1992-11-15,Hull KR,1712,Hull,53.8589756237951,-0.404743999331178,54.6280965468031,1992,Sunday,11,November,10.2,3.8,129.1
1992-11-22,Widnes,2158,Widnes,53.3620821677151,-2.73412654458895,52.18859666247889,1992,Sunday,11,November,10.2,3.8,129.1
1992-12-13,Leeds,4777,Leeds,53.8007051115385,-1.550263719871,29.08825582694335,1992,Sunday,12,December,6.3,1.2,67.4
1993-01-06,Halifax,2404,Halifax,53.7228304660538,-1.8601759049414,28.483802911037273,1993,Wednesday,1,January,8.4,2.3,88.1
1993-01-24,Salford,2278,Salford,53.7107014676756,-2.09860666489657,34.39836554914088,1993,Sunday,1,January,8.4,2.3,88.1
1993-01-31,Leigh,2408,Leigh,50.7986148206032,-1.96623431051373,179.77477352854174,1993,Sunday,1,January,8.4,2.3,88.1
1993-02-14,Widnes,3407,Widnes,53.3620821677151,-2.73412654458895,52.18859666247889,1993,Sunday,2,February,7.5,3,10.7
1993-02-19,Leigh,1982,Leigh,50.7986148206032,-1.96623431051373,179.77477352854174,1993,Friday,2,February,7.5,3,10.7
1993-03-12,Bradford,2842,Bradford,50.842260748221,-4.24552088252458,211.3628397865572,1993,Friday,3,March,10.3,2.3,16.7
1993-03-28,Wakefield,3245,Wakefield,53.6837065635892,-1.49816942672736,20.846247782930828,1993,Sunday,3,March,10.3,2.3,16.7
1993-04-11,Hull,2706,Hull,53.8589756237951,-0.404743999331178,54.6280965468031,1993,Sunday,4,April,13,5.7,91.8
1993-09-05,Castleford,3046,Castleford,53.7257975040873,-1.35353517552403,24.184034641290065,1993,Sunday,9,September,15.2,*    9.0,*  121.4
1993-09-19,Halifax,4005,Halifax,53.7228304660538,-1.8601759049414,28.483802911037273,1993,Sunday,9,September,15.2,*    9.0,*  121.4
1993-10-03,Wakefield,3096,Wakefield,53.6837065635892,-1.49816942672736,20.846247782930828,1993,Sunday,10,October,10.7,5.4,62.8
1993-10-10,Featherstone,3059,Featherstone,53.6746306224241,-1.35917767663436,20.67730355800864,1993,Sunday,10,October,10.7,5.4,62.8
1993-10-31,Hull,2244,Hull,53.8589756237951,-0.404743999331178,54.6280965468031,1993,Sunday,10,October,10.7,5.4,62.8
1993-11-28,Warrington,3284,Warrington,53.3895737691761,-2.5908970528279,46.25314798189232,1993,Sunday,11,November,6.3,2.2,56.9
1993-12-05,Leeds,3521,Leeds,53.8007051115385,-1.550263719871,29.08825582694335,1993,Sunday,12,December,7.1,2.2,171.4
1993-12-22,Salford,1605,Salford,53.7107014676756,-2.09860666489657,34.39836554914088,1993,Wednesday,12,December,7.1,2.2,171.4
1994-01-02,Hull KR,2151,Hull,53.8589756237951,-0.404743999331178,54.6280965468031,1994,Sunday,1,January,7.2,1.5,124.4
1994-01-16,Bradford,3544,Bradford,50.842260748221,-4.24552088252458,211.3628397865572,1994,Sunday,1,January,7.2,1.5,124.4
1994-01-30,Leigh,1676,Leigh,50.7986148206032,-1.96623431051373,179.77477352854174,1994,Sunday,1,January,7.2,1.5,124.4
1994-02-06,Oldham,2400,Oldham,53.5421657962779,-2.11595949931263,28.825735711277947,1994,Sunday,2,February,4.9,-0.6,75.7
1994-03-11,St Helens,2729,St Helens,53.4553424455602,-2.73818933485438,52.52127636542402,1994,Friday,3,March,10.6,4.2,78.1
1994-03-27,Wigan,5465,Wigan,53.5455435760623,-2.62969531846227,49.07194367619324,1994,Sunday,3,March,10.6,4.2,78.1
1994-04-01,Leigh,1720,Leigh,50.7986148206032,-1.96623431051373,179.77477352854174,1994,Friday,4,April,12,4.9,55.3
1994-04-17,Widnes,2831,Widnes,53.3620821677151,-2.73412654458895,52.18859666247889,1994,Sunday,4,April,12,4.9,55.3
1994-08-23,Bradford,4672,Bradford,50.842260748221,-4.24552088252458,211.3628397865572,1994,Tuesday,8,August,19.7,11.8,45
1994-09-18,Warrington,3037,Warrington,53.3895737691761,-2.5908970528279,46.25314798189232,1994,Sunday,9,September,15.4,9.1,148.2
1994-10-02,Widnes,2085,Widnes,53.3620821677151,-2.73412654458895,52.18859666247889,1994,Sunday,10,October,12.7,6.2,57.9
1994-10-09,Hull,2164,Hull,53.8589756237951,-0.404743999331178,54.6280965468031,1994,Sunday,10,October,12.7,6.2,57.9
1994-11-11,Wigan,2601,Wigan,53.5455435760623,-2.62969531846227,49.07194367619324,1994,Friday,11,November,11.7,7,103.3
1994-11-27,Workington,1906,Workington,54.6433740020279,-3.5493692518853,121.34245037563076,1994,Sunday,11,November,11.7,7,103.3
1994-12-04,Leigh,870,Leigh,50.7986148206032,-1.96623431051373,179.77477352854174,1994,Sunday,12,December,9,3.6,103.9
1994-12-09,Castleford,1840,Castleford,53.7257975040873,-1.35353517552403,24.184034641290065,1994,Friday,12,December,9,3.6,103.9
1994-12-26,Doncaster,3039,Doncaster,53.5227247729436,-1.13235216699057,16.887288503449927,1994,Monday,12,December,9,3.6,103.9
1995-01-15,Wakefield,2274,Wakefield,53.6837065635892,-1.49816942672736,20.846247782930828,1995,Sunday,1,January,6.4,1.5,157.7
1995-02-05,St Helens,2705,St Helens,53.4553424455602,-2.73818933485438,52.52127636542402,1995,Sunday,2,February,9,3.4,99.2
1995-02-26,Widnes,2295,Widnes,53.3620821677151,-2.73412654458895,52.18859666247889,1995,Sunday,2,February,9,3.4,99.2
1995-03-19,Leeds,4778,Leeds,53.8007051115385,-1.550263719871,29.08825582694335,1995,Sunday,3,March,8.9,2,63.9
1995-04-02,Salford,1983,Salford,53.7107014676756,-2.09860666489657,34.39836554914088,1995,Sunday,4,April,13.2,5.1,24.6
1995-04-09,Oldham,2137,Oldham,53.5421657962779,-2.11595949931263,28.825735711277947,1995,Sunday,4,April,13.2,5.1,24.6
1995-04-17,Featherstone,1882,Featherstone,53.6746306224241,-1.35917767663436,20.67730355800864,1995,Monday,4,April,13.2,5.1,24.6
1995-04-23,Halifax,2823,Halifax,53.7228304660538,-1.8601759049414,28.483802911037273,1995,Sunday,4,April,13.2,5.1,24.6
1995-08-20,Leeds,4234,Leeds,53.8007051115385,-1.550263719871,29.08825582694335,1995,Sunday,8,August,24.4,13.2,12.1
1995-09-03,Castleford,2504,Castleford,53.7257975040873,-1.35353517552403,24.184034641290065,1995,Sunday,9,September,17.1,10.3,75.6
1995-09-08,Warrington,4160,Warrington,53.3895737691761,-2.5908970528279,46.25314798189232,1995,Friday,9,September,17.1,10.3,75.6
1995-09-24,London,3717,London,51.507407131244,-0.127724044764816,141.32159311440228,1995,Sunday,9,September,17.1,10.3,75.6
1995-11-05,Oldham,3987,Oldham,53.5421657962779,-2.11595949931263,28.825735711277947,1995,Sunday,11,November,9.9,5.2,60.5
1995-11-29,St Helens,1743,St Helens,53.4553424455602,-2.73818933485438,52.52127636542402,1995,Wednesday,11,November,9.9,5.2,60.5
1995-12-08,Workington,2032,Workington,54.6433740020279,-3.5493692518853,121.34245037563076,1995,Friday,12,December,3.8,0.1,70.4
1995-12-20,Halifax,1594,Halifax,53.7228304660538,-1.8601759049414,28.483802911037273,1995,Wednesday,12,December,3.8,0.1,70.4
1996-01-05,Bradford,2451,Bradford,50.842260748221,-4.24552088252458,211.3628397865572,1996,Friday,1,January,5,2.1,57
1996-01-19,Wigan,4639,Wigan,53.5455435760623,-2.62969531846227,49.07194367619324,1996,Friday,1,January,5,2.1,57
1996-04-05,Bradford,5202,Bradford,50.842260748221,-4.24552088252458,211.3628397865572,1996,Friday,4,April,12.8,4.7,37.7
1996-04-14,London,3888,London,51.507407131244,-0.127724044764816,141.32159311440228,1996,Sunday,4,April,12.8,4.7,37.7
1996-05-03,Castleford,5486,Castleford,53.7257975040873,-1.35353517552403,24.184034641290065,1996,Friday,5,May,13,5.3,39.1
1986-05-19,Oldham,4076,Oldham,53.5421657962779,-2.11595949931263,28.825735711277947,1986,Monday,5,May,16,7.5,94.7
1996-06-08,St Helens ,6708,St Helens,53.4553424455602,-2.73818933485438,52.52127636542402,1996,Saturday,6,June,19.3,9.6,29.8
1996-06-29,Workington,3468,Workington,54.6433740020279,-3.5493692518853,121.34245037563076,1996,Saturday,6,June,19.3,9.6,29.8
1996-07-14,Leeds,4265,Leeds,53.8007051115385,-1.550263719871,29.08825582694335,1996,Sunday,7,July,21.5,11.9,24.5
1996-07-28,Warrington,4000,Warrington,53.3895737691761,-2.5908970528279,46.25314798189232,1996,Sunday,7,July,21.5,11.9,24.5
1996-08-03,Wigan,5103,Wigan,53.5455435760623,-2.62969531846227,49.07194367619324,1996,Saturday,8,August,21.5,12.3,101.1
1996-08-11,Halifax,3201,Halifax,53.7228304660538,-1.8601759049414,28.483802911037273,1996,Sunday,8,August,21.5,12.3,101.1
1997-03-28,Warrington,4112,Warrington,53.3895737691761,-2.5908970528279,46.25314798189232,1997,Friday,3,March,12.1,5,22
1997-04-06,Castleford,4735,Castleford,53.7257975040873,-1.35353517552403,24.184034641290065,1997,Sunday,4,April,13.2,5.1,28.2
1997-04-20,Leeds,5332,Leeds,53.8007051115385,-1.550263719871,29.08825582694335,1997,Sunday,4,April,13.2,5.1,28.2
1997-05-11,Oldham,4000,Oldham,53.5421657962779,-2.11595949931263,28.825735711277947,1997,Sunday,5,May,16.3,6.7,77.5
1997-05-23,Halifax,3000,Halifax,53.7228304660538,-1.8601759049414,28.483802911037273,1997,Friday,5,May,16.3,6.7,77.5
1997-06-15,Perth,2065,Perth,56.3954773570765,-3.4389026465515,222.391956813299,1997,Sunday,6,June,17.6,10.2,130.9
1997-06-20,Hunter,2350,Hunter,55.9703971010525,-4.91176698734396,225.53638027512307,1997,Friday,6,June,17.6,10.2,130.9
1997-07-02,St Helens,3200,St Helens,53.4553424455602,-2.73818933485438,52.52127636542402,1997,Wednesday,7,July,21.7,12.7,56.7
1997-07-13,London,3150,London,51.507407131244,-0.127724044764816,141.32159311440228,1997,Sunday,7,July,21.7,12.7,56.7
1997-08-10,Wigan,3250,Wigan,53.5455435760623,-2.62969531846227,49.07194367619324,1997,Sunday,8,August,23.3,14.1,108.6
1997-08-16,Bradford,10603,Bradford,50.842260748221,-4.24552088252458,211.3628397865572,1997,Saturday,8,August,23.3,14.1,108.6
1997-08-25,Salford,2943,Salford,53.7107014676756,-2.09860666489657,34.39836554914088,1997,Monday,8,August,23.3,14.1,108.6
1997-09-05,Warrington,2500,Warrington,53.3895737691761,-2.5908970528279,46.25314798189232,1997,Friday,9,September,17.3,10.2,17.5
1998-03-01,Egremont,1100,Egremont,54.4810278783476,-3.52874556989381,113.05956059109691,1998,Sunday,3,March,11.2,4.8,93.5
1998-04-05,Hull,4511,Hull,53.8589756237951,-0.404743999331178,54.6280965468031,1998,Sunday,4,April,10.9,4.4,117.9
1998-04-17,Bradford,4678,Bradford,50.842260748221,-4.24552088252458,211.3628397865572,1998,Friday,4,April,10.9,4.4,117.9
1998-05-09,Wigan,7365,Wigan,53.5455435760623,-2.62969531846227,49.07194367619324,1998,Saturday,5,May,17,8.5,26.6
1998-05-23,Leeds,6283,Leeds,53.8007051115385,-1.550263719871,29.08825582694335,1998,Saturday,5,May,17,8.5,26.6
1998-05-30,Halifax,3811,Halifax,53.7228304660538,-1.8601759049414,28.483802911037273,1998,Saturday,5,May,17,8.5,26.6
1998-06-20,St Helens,3675,St Helens,53.4553424455602,-2.73818933485438,52.52127636542402,1998,Saturday,6,June,17.5,10.5,152.4
1998-07-03,Castleford,3151,Castleford,53.7257975040873,-1.35353517552403,24.184034641290065,1998,Friday,7,July,19.2,12.1,36.5
1998-07-17,Halifax,3087,Halifax,53.7228304660538,-1.8601759049414,28.483802911037273,1998,Friday,7,July,19.2,12.1,36.5
1998-08-07,Huddersfield,2550,Huddersfield,53.6442835911505,-1.78220085442729,22.208249502777665,1998,Friday,8,August,20.1,11.9,46.2
1998-08-21,Salford,2571,Salford,53.7107014676756,-2.09860666489657,34.39836554914088,1998,Friday,8,August,20.1,11.9,46.2
1998-09-11,London,2420,London,51.507407131244,-0.127724044764816,141.32159311440228,1998,Friday,9,September,17.7,11.1,49.2
1998-09-18,Warrington,3083,Warrington,53.3895737691761,-2.5908970528279,46.25314798189232,1998,Friday,9,September,17.7,11.1,49.2
1999-03-20,London,3269,London,51.507407131244,-0.127724044764816,141.32159311440228,1999,Saturday,3,March,10.7,4.2,82.8
1999-04-02,Huddersfield,3621,Huddersfield,53.6442835911505,-1.78220085442729,22.208249502777665,1999,Friday,4,April,13.4,5.8,91.6
1999-04-11,Leeds,5101,Leeds,53.8007051115385,-1.550263719871,29.08825582694335,1999,Sunday,4,April,13.4,5.8,91.6
1999-04-25,Wakefield,4387,Wakefield,53.6837065635892,-1.49816942672736,20.846247782930828,1999,Sunday,4,April,13.4,5.8,91.6
1999-05-08,Halifax,3901,Halifax,53.7228304660538,-1.8601759049414,28.483802911037273,1999,Saturday,5,May,17.5,9,51
1999-05-22,Salford,3100,Salford,53.7107014676756,-2.09860666489657,34.39836554914088,1999,Saturday,5,May,17.5,9,51
1999-06-05,Bradford,4801,Bradford,50.842260748221,-4.24552088252458,211.3628397865572,1999,Saturday,6,June,18.3,10.2,61
1999-06-26,Hull,3449,Hull,53.8589756237951,-0.404743999331178,54.6280965468031,1999,Saturday,6,June,18.3,10.2,61
1999-06-29,Gateshead,2319,Gateshead,54.9599163378109,-1.60494524952673,109.12788468452595,1999,Tuesday,6,June,18.3,10.2,61
1999-07-10,St Helens,4487,St Helens,53.4553424455602,-2.73818933485438,52.52127636542402,1999,Saturday,7,July,22.5,13.4,30.1
1999-07-21,Wigan,3526,Wigan,53.5455435760623,-2.62969531846227,49.07194367619324,1999,Wednesday,7,July,22.5,13.4,30.1
1999-07-24,Warrington,2614,Warrington,53.3895737691761,-2.5908970528279,46.25314798189232,1999,Saturday,7,July,22.5,13.4,30.1
1999-08-07,Castleford,3750,Castleford,53.7257975040873,-1.35353517552403,24.184034641290065,1999,Saturday,8,August,19.9,12.1,75.4
1999-08-28,London,2024,London,51.507407131244,-0.127724044764816,141.32159311440228,1999,Saturday,8,August,19.9,12.1,75.4
1999-09-04,Huddersfield,3500,Huddersfield,53.6442835911505,-1.78220085442729,22.208249502777665,1999,Saturday,9,September,20.2,11.5,113.7
2000-01-16,Batley,1612,Batley,53.7144427785144,-1.63370047807361,23.91559243431121,2000,Sunday,1,January,7.8,2.7,49.8
2000-01-25,Hunslet,1278,Hunslet,53.7787866218433,-1.53697703982988,27.523656673851814,2000,Tuesday,1,January,7.8,2.7,49.8
2000-01-30,Thornhill,1100,Thornhill,57.60296555184,-3.62375408076881,303.52306845609604,2000,Sunday,1,January,7.8,2.7,49.8
2000-03-05,Doncaster,2732,Doncaster,53.5227247729436,-1.13235216699057,16.887288503449927,2000,Sunday,3,March,10.9,4.2,43.3
2000-03-26,Workington,1177,Workington,54.6433740020279,-3.5493692518853,121.34245037563076,2000,Sunday,3,March,10.9,4.2,43.3
2000-04-02,Oldham,1220,Oldham,53.5421657962779,-2.11595949931263,28.825735711277947,2000,Sunday,4,April,11.7,4.2,153.3
2000-04-21,Lancashire,1177,Lancashire,53.4184778753477,-2.16076083106986,28.623968618594414,2000,Friday,4,April,11.7,4.2,153.3
2000-05-01,Whitehaven,1098,Whitehaven,54.5507278137594,-3.58746267859761,118.02544857451929,2000,Monday,5,May,16.4,7.6,63.9
2000-05-07,Rochdale,1055,Rochdale,53.6169648505924,-2.15670801279661,32.59332470438116,2000,Sunday,5,May,16.4,7.6,63.9
2000-05-14,York,1038,York,53.7985731804406,-2.44282326711126,49.22209729133019,2000,Sunday,5,May,16.4,7.6,63.9
2000-05-26,Hull KR,1021,Hull,53.8589756237951,-0.404743999331178,54.6280965468031,2000,Friday,5,May,16.4,7.6,63.9
2000-05-29,Featherstone,1359,Featherstone,53.6746306224241,-1.35917767663436,20.67730355800864,2000,Monday,5,May,16.4,7.6,63.9
2000-06-04,Dewsbury,1478,Dewsbury,53.6917201746677,-1.62768871869344,22.341546560529377,2000,Sunday,6,June,19,11.2,46.6
2000-06-18,Keighley,1424,Keighley,53.8674762656362,-1.90961927150711,38.07164777199404,2000,Sunday,6,June,19,11.2,46.6
2000-06-25,Barrow,1188,Barrow,51.1721895775365,-2.64292218669653,160.579615645515,2000,Sunday,6,June,19,11.2,46.6
2000-12-03,Batley,1429,Batley,53.7144427785144,-1.63370047807361,23.91559243431121,2000,Sunday,12,December,7,3.3,118
2001-01-07,Keighley,1642,Keighley,53.8674762656362,-1.90961927150711,38.07164777199404,2001,Sunday,1,January,5.3,0.3,42.1
2001-01-24,Gateshead,753,Gateshead,54.9599163378109,-1.60494524952673,109.12788468452595,2001,Wednesday,1,January,5.3,0.3,42.1
2001-01-28,East Leeds,778,Leeds,53.8007051115385,-1.550263719871,29.08825582694335,2001,Sunday,1,January,5.3,0.3,42.1
2001-01-31,Dewsbury,862,Dewsbury,53.6917201746677,-1.62768871869344,22.341546560529377,2001,Wednesday,1,January,5.3,0.3,42.1
2001-02-04,Hull KR,1081,Hull,53.8589756237951,-0.404743999331178,54.6280965468031,2001,Sunday,2,February,7.7,0.8,79.4
2001-03-04,Barrow,838,Barrow,51.1721895775365,-2.64292218669653,160.579615645515,2001,Sunday,3,March,8,1.6,56.2
2001-03-11,Widnes,1560,Widnes,53.3620821677151,-2.73412654458895,52.18859666247889,2001,Sunday,3,March,8,1.6,56.2
2001-03-31,Chorley,870,Chorley,53.6543318850006,-2.63281388848266,51.383572255598324,2001,Saturday,3,March,8,1.6,56.2
2001-04-13,Doncaster,1632,Doncaster,53.5227247729436,-1.13235216699057,16.887288503449927,2001,Friday,4,April,11.3,4,80.1
2001-04-29,Leigh,1614,Leigh,50.7986148206032,-1.96623431051373,179.77477352854174,2001,Sunday,4,April,11.3,4,80.1
2001-05-13,Featherstone,1296,Featherstone,53.6746306224241,-1.35917767663436,20.67730355800864,2001,Sunday,5,May,17.8,7.7,58
2001-05-20,Hunslet,1154,Hunslet,53.7787866218433,-1.53697703982988,27.523656673851814,2001,Sunday,5,May,17.8,7.7,58
2001-06-03,York,1008,York,53.7985731804406,-2.44282326711126,49.22209729133019,2001,Sunday,6,June,18.4,10.1,43.9
2001-06-24,Workington,1259,Workington,54.6433740020279,-3.5493692518853,121.34245037563076,2001,Sunday,6,June,18.4,10.1,43.9
2001-12-09,Gateshead,1203,Gateshead,54.9599163378109,-1.60494524952673,109.12788468452595,2001,Sunday,12,December,6.3,0.9,28
2001-12-23,Doncaster,1716,Doncaster,53.5227247729436,-1.13235216699057,16.887288503449927,2001,Sunday,12,December,6.3,0.9,28
2002-01-13,Keighley,1489,Keighley,53.8674762656362,-1.90961927150711,38.07164777199404,2002,Sunday,1,January,8.2,2.5,55.9
2002-01-26,Leigh East,539,Leigh,50.7986148206032,-1.96623431051373,179.77477352854174,2002,Saturday,1,January,8.2,2.5,55.9
2002-02-03,Barrow,1091,Barrow,51.1721895775365,-2.64292218669653,160.579615645515,2002,Sunday,2,February,9.8,3.8,173.9
2002-02-10,Wakefield,1972,Wakefield,53.6837065635892,-1.49816942672736,20.846247782930828,2002,Sunday,2,February,9.8,3.8,173.9
2002-03-03,Hunslet,1058,Hunslet,53.7787866218433,-1.53697703982988,27.523656673851814,2002,Sunday,3,March,11.1,4.1,34.7
2002-03-15,Oldham,1095,Oldham,53.5421657962779,-2.11595949931263,28.825735711277947,2002,Friday,3,March,11.1,4.1,34.7
2002-04-12,Gateshead,835,Gateshead,54.9599163378109,-1.60494524952673,109.12788468452595,2002,Friday,4,April,13.9,5,40.7
2002-04-21,Keighley,862,Keighley,53.8674762656362,-1.90961927150711,38.07164777199404,2002,Sunday,4,April,13.9,5,40.7
2002-05-05,Featherstone,1074,Featherstone,53.6746306224241,-1.35917767663436,20.67730355800864,2002,Sunday,5,May,16.3,8.4,60.9
2002-05-24,Chorley,629,Chorley,53.6543318850006,-2.63281388848266,51.383572255598324,2002,Friday,5,May,16.3,8.4,60.9
2002-06-02,Rochdale,910,Rochdale,53.6169648505924,-2.15670801279661,32.59332470438116,2002,Sunday,6,June,19.1,10.9,30.9
2002-07-14,Workington,1071,Workington,54.6433740020279,-3.5493692518853,121.34245037563076,2002,Sunday,7,July,20.1,12,133.8
2002-07-26,Batley,1110,Batley,53.7144427785144,-1.63370047807361,23.91559243431121,2002,Friday,7,July,20.1,12,133.8
2002-08-18,Dewsbury,843,Dewsbury,53.6917201746677,-1.62768871869344,22.341546560529377,2002,Sunday,8,August,21.2,13.4,83.4
2002-08-25,Swinton,751,Swinton,53.512219777357,-2.34030566231619,36.97502267798857,2002,Sunday,8,August,21.2,13.4,83.4
2002-09-08,Huddersfield,1405,Huddersfield,53.6442835911505,-1.78220085442729,22.208249502777665,2002,Sunday,9,September,17.8,10.6,49.7
2002-09-20,Swinton,425,Swinton,53.512219777357,-2.34030566231619,36.97502267798857,2002,Friday,9,September,17.8,10.6,49.7
2002-09-28,Barrow,572,Barrow,51.1721895775365,-2.64292218669653,160.579615645515,2002,Saturday,9,September,17.8,10.6,49.7
2003-02-09,Keighley,1235,Keighley,53.8674762656362,-1.90961927150711,38.07164777199404,2003,Sunday,2,February,6.6,0,30.8
2003-02-16,Doncaster,1053,Doncaster,53.5227247729436,-1.13235216699057,16.887288503449927,2003,Sunday,2,February,6.6,0,30.8
2003-03-02,Hull,11729,Hull,53.8589756237951,-0.404743999331178,54.6280965468031,2003,Sunday,3,March,12,3.1,38.4
2003-03-05,Batley,732,Batley,53.7144427785144,-1.63370047807361,23.91559243431121,2003,Wednesday,3,March,12,3.1,38.4
2003-03-09,York,730,York,53.7985731804406,-2.44282326711126,49.22209729133019,2003,Sunday,3,March,12,3.1,38.4
2003-03-21,Featherstone,856,Featherstone,53.6746306224241,-1.35917767663436,20.67730355800864,2003,Friday,3,March,12,3.1,38.4
2003-04-06,Hull KR,1150,Hull,53.8589756237951,-0.404743999331178,54.6280965468031,2003,Sunday,4,April,14.7,5.1,44.6
2003-04-21,York,897,York,53.7985731804406,-2.44282326711126,49.22209729133019,2003,Monday,4,April,14.7,5.1,44.6
2003-05-09,Swinton,903,Swinton,53.512219777357,-2.34030566231619,36.97502267798857,2003,Friday,5,May,16.8,8.5,42.6
2003-06-01,Chorley,747,Chorley,53.6543318850006,-2.63281388848266,51.383572255598324,2003,Sunday,6,June,21,12.1,111.1
2003-06-22,Keighley,1126,Keighley,53.8674762656362,-1.90961927150711,38.07164777199404,2003,Sunday,6,June,21,12.1,111.1
2003-06-29,Gateshead,1022,Gateshead,54.9599163378109,-1.60494524952673,109.12788468452595,2003,Sunday,6,June,21,12.1,111.1
2003-07-20,Barrow,1037,Barrow,51.1721895775365,-2.64292218669653,160.579615645515,2003,Sunday,7,July,21.9,13.5,44.9
2003-08-03,Skolars,854,London,51.507407131244,-0.127724044764816,141.32159311440228,2003,Sunday,8,August,22.4,13.4,14
2003-08-10,Hunslet,1002,Hunslet,53.7787866218433,-1.53697703982988,27.523656673851814,2003,Sunday,8,August,22.4,13.4,14
2003-09-06,Workington,1011,Workington,54.6433740020279,-3.5493692518853,121.34245037563076,2003,Saturday,9,September,19.2,9.6,22.7
2003-09-21,Chorley,732,Chorley,53.6543318850006,-2.63281388848266,51.383572255598324,2003,Sunday,9,September,19.2,9.6,22.7
2004-02-11,Doncaster,945,Doncaster,53.5227247729436,-1.13235216699057,16.887288503449927,2004,Wednesday,2,February,8.1,3,50.8
2004-02-15,Dewsbury,867,Dewsbury,53.6917201746677,-1.62768871869344,22.341546560529377,2004,Sunday,2,February,8.1,3,50.8
2004-02-22,Skolars,662,London,51.507407131244,-0.127724044764816,141.32159311440228,2004,Sunday,2,February,8.1,3,50.8
2004-02-29,York,764,York,53.7985731804406,-2.44282326711126,49.22209729133019,2004,Sunday,2,February,8.1,3,50.8
2004-03-19,Hull KR,1049,Hull,53.8589756237951,-0.404743999331178,54.6280965468031,2004,Friday,3,March,9.9,3.6,41.3
2004-05-21,Dewsbury,1352,Dewsbury,53.6917201746677,-1.62768871869344,22.341546560529377,2004,Friday,5,May,16.9,8.3,49
2004-06-06,Workington,979,Workington,54.6433740020279,-3.5493692518853,121.34245037563076,2004,Sunday,6,June,20,11.8,68.5
2004-06-20,Barrow,977,Barrow,51.1721895775365,-2.64292218669653,160.579615645515,2004,Sunday,6,June,20,11.8,68.5
2004-07-04,Swinton,957,Swinton,53.512219777357,-2.34030566231619,36.97502267798857,2004,Sunday,7,July,19.9,12.4,45.8
2004-07-11,Chorley,852,Chorley,53.6543318850006,-2.63281388848266,51.383572255598324,2004,Sunday,7,July,19.9,12.4,45.8
2004-07-23,York,1018,York,53.7985731804406,-2.44282326711126,49.22209729133019,2004,Friday,7,July,19.9,12.4,45.8
2004-08-01,Gateshead,744,Gateshead,54.9599163378109,-1.60494524952673,109.12788468452595,2004,Sunday,8,August,21.3,13.6,181
2004-08-22,Hunslet,870,Hunslet,53.7787866218433,-1.53697703982988,27.523656673851814,2004,Sunday,8,August,21.3,13.6,181
2004-09-12,Skolars,825,London,51.507407131244,-0.127724044764816,141.32159311440228,2004,Sunday,9,September,18.1,11.3,34.6
2004-09-19,Hunslet,531,Hunslet,53.7787866218433,-1.53697703982988,27.523656673851814,2004,Sunday,9,September,18.1,11.3,34.6
2005-02-11,Dewsbury,959,Dewsbury,53.6917201746677,-1.62768871869344,22.341546560529377,2005,Friday,2,February,6.7,2.1,64.6
2005-03-04,Batley,875,Batley,53.7144427785144,-1.63370047807361,23.91559243431121,2005,Friday,3,March,9.7,4.6,31.7
2005-03-25,Doncaster,1003,Doncaster,53.5227247729436,-1.13235216699057,16.887288503449927,2005,Friday,3,March,9.7,4.6,31.7
2005-04-08,Blackpool,727,Blackpool,53.8208645730056,-3.05154264808477,71.61976568681085,2005,Friday,4,April,12.9,4.8,82.6
2005-04-22,Keighley,804,Keighley,53.8674762656362,-1.90961927150711,38.07164777199404,2005,Friday,4,April,12.9,4.8,82.6
2005-05-20,Gateshead,664,Gateshead,54.9599163378109,-1.60494524952673,109.12788468452595,2005,Friday,5,May,15.8,7.3,17.5
2005-06-11,Workington,650,Workington,54.6433740020279,-3.5493692518853,121.34245037563076,2005,Saturday,6,June,20.3,11.4,42.2
2005-07-22,Hunslet,846,Hunslet,53.7787866218433,-1.53697703982988,27.523656673851814,2005,Friday,7,July,20.6,13.1,84
2005-08-05,Dewsbury,884,Dewsbury,53.6917201746677,-1.62768871869344,22.341546560529377,2005,Friday,8,August,20.7,12.2,39.9
2005-08-29,Skolars,764,London,51.507407131244,-0.127724044764816,141.32159311440228,2005,Monday,8,August,20.7,12.2,39.9
2005-09-02,Swinton,806,Swinton,53.512219777357,-2.34030566231619,36.97502267798857,2005,Friday,9,September,18.9,11.3,89.2
2005-09-09,York,1154,York,53.7985731804406,-2.44282326711126,49.22209729133019,2005,Friday,9,September,18.9,11.3,89.2
2006-02-17,York,1145,York,53.7985731804406,-2.44282326711126,49.22209729133019,2006,Friday,2,February,6.3,1.4,48.5
2006-02-24,Hull KR,1347,Hull,53.8589756237951,-0.404743999331178,54.6280965468031,2006,Friday,2,February,6.3,1.4,48.5
2006-03-19,Featherstone,769,Featherstone,53.6746306224241,-1.35917767663436,20.67730355800864,2006,Sunday,3,March,7.7,1.5,100.2
2006-04-07,Keighley,798,Keighley,53.8674762656362,-1.90961927150711,38.07164777199404,2006,Friday,4,April,11.8,4.8,49.4
2006-04-17,Celtic,981,Celtic,51.5523999909004,-3.03610603955783,142.6203680121546,2006,Monday,4,April,11.8,4.8,49.4
2006-04-28,Workington,756,Workington,54.6433740020279,-3.5493692518853,121.34245037563076,2006,Friday,4,April,11.8,4.8,49.4
2006-05-12,Gateshead,707,Gateshead,54.9599163378109,-1.60494524952673,109.12788468452595,2006,Friday,5,May,15.8,7.4,85
2006-05-26,Hunslet,775,Hunslet,53.7787866218433,-1.53697703982988,27.523656673851814,2006,Friday,5,May,15.8,7.4,85
2006-06-09,Barrow,882,Barrow,51.1721895775365,-2.64292218669653,160.579615645515,2006,Friday,6,June,21.6,11.8,9.8
2006-06-23,Featherstone,935,Featherstone,53.6746306224241,-1.35917767663436,20.67730355800864,2006,Friday,6,June,21.6,11.8,9.8
2006-07-21,Skolars,729,London,51.507407131244,-0.127724044764816,141.32159311440228,2006,Friday,7,July,25.6,14.5,40.9
2006-07-28,Swinton,830,Swinton,53.512219777357,-2.34030566231619,36.97502267798857,2006,Friday,7,July,25.6,14.5,40.9
2006-08-11,Dewsbury,1186,Dewsbury,53.6917201746677,-1.62768871869344,22.341546560529377,2006,Friday,8,August,19.6,12.8,90.5
2006-09-01,Blackpool,783,Blackpool,53.8208645730056,-3.05154264808477,71.61976568681085,2006,Friday,9,September,20.5,12.6,62.4
2006-09-22,Celtic,760,Celtic,51.5523999909004,-3.03610603955783,142.6203680121546,2006,Friday,9,September,20.5,12.6,62.4
2007-02-16,Doncaster,1043,Doncaster,53.5227247729436,-1.13235216699057,16.887288503449927,2007,Friday,2,February,8.6,3.6,57.5
2007-03-16,Castleford,1897,Castleford,53.7257975040873,-1.35353517552403,24.184034641290065,2007,Friday,3,March,10.2,4.1,44.5
2007-03-23,Featherstone,1196,Featherstone,53.6746306224241,-1.35917767663436,20.67730355800864,2007,Friday,3,March,10.2,4.1,44.5
2007-04-06,Doncaster,1142,Doncaster,53.5227247729436,-1.13235216699057,16.887288503449927,2007,Friday,4,April,15.8,7.4,5.8
2007-04-13,Widnes,1211,Widnes,53.3620821677151,-2.73412654458895,52.18859666247889,2007,Friday,4,April,15.8,7.4,5.8
2007-05-18,Dewsbury,881,Dewsbury,53.6917201746677,-1.62768871869344,22.341546560529377,2007,Friday,5,May,15.6,8.2,83.8
2007-06-07,Rochdale,1463,Rochdale,53.6169648505924,-2.15670801279661,32.59332470438116,2007,Thursday,6,June,18.6,11.2,285.6
2007-06-15,Castleford,1333,Castleford,53.7257975040873,-1.35353517552403,24.184034641290065,2007,Friday,6,June,18.6,11.2,285.6
2007-07-20,Leigh,870,Leigh,50.7986148206032,-1.96623431051373,179.77477352854174,2007,Friday,7,July,18.8,12.2,113
2007-07-27,Batley,916,Batley,53.7144427785144,-1.63370047807361,23.91559243431121,2007,Friday,7,July,18.8,12.2,113
2007-08-31,Halifax,1009,Halifax,53.7228304660538,-1.8601759049414,28.483802911037273,2007,Friday,8,August,19.7,12.2,27.1
2007-09-06,Whitehaven,1045,Whitehaven,54.5507278137594,-3.58746267859761,118.02544857451929,2007,Thursday,9,September,17.6,10.5,28.1
2008-02-01,Celtic,773,Celtic,51.5523999909004,-3.03610603955783,142.6203680121546,2008,Friday,2,February,9.1,1.4,48.7
2008-02-22,Skolars,669,London,51.507407131244,-0.127724044764816,141.32159311440228,2008,Friday,2,February,9.1,1.4,48.7
2008-03-02,Doncaster,942,Doncaster,53.5227247729436,-1.13235216699057,16.887288503449927,2008,Sunday,3,March,9.1,2.7,98.8
2008-03-24,Celtic,665,Celtic,51.5523999909004,-3.03610603955783,142.6203680121546,2008,Monday,3,March,9.1,2.7,98.8
2008-04-13,Leigh,1108,Leigh,50.7986148206032,-1.96623431051373,179.77477352854174,2008,Sunday,4,April,11.4,4.4,79.2
2008-05-02,Salford,1058,Salford,53.7107014676756,-2.09860666489657,34.39836554914088,2008,Friday,5,May,17.5,8.6,43.5
2008-05-30,Halifax,1235,Halifax,53.7228304660538,-1.8601759049414,28.483802911037273,2008,Friday,5,May,17.5,8.6,43.5
2008-06-20,Batley,812,Batley,53.7144427785144,-1.63370047807361,23.91559243431121,2008,Friday,6,June,18.7,10.7,56.7
2008-07-11,Whitehaven,810,Whitehaven,54.5507278137594,-3.58746267859761,118.02544857451929,2008,Friday,7,July,20.8,13,108.7
2008-07-25,Featherstone,2107,Featherstone,53.6746306224241,-1.35917767663436,20.67730355800864,2008,Friday,7,July,20.8,13,108.7
2008-08-14,Widnes,1823,Widnes,53.3620821677151,-2.73412654458895,52.18859666247889,2008,Thursday,8,August,20.1,13.4,82.6
2008-08-22,Dewsbury,815,Dewsbury,53.6917201746677,-1.62768871869344,22.341546560529377,2008,Friday,8,August,20.1,13.4,82.6
2009-02-11,Hunslet,556,Hunslet,53.7787866218433,-1.53697703982988,27.523656673851814,2009,Wednesday,2,February,6.7,2.3,39.6
2009-03-01,Halifax,1065,Halifax,53.7228304660538,-1.8601759049414,28.483802911037273,2009,Sunday,3,March,10.9,4,44.2
2009-03-15,Leigh,1220,Leigh,50.7986148206032,-1.96623431051373,179.77477352854174,2009,Sunday,3,March,10.9,4,44.2
2009-04-03,Dewsbury,597,Dewsbury,53.6917201746677,-1.62768871869344,22.341546560529377,2009,Friday,4,April,14.6,6,51
2009-04-09,Doncaster,1209,Doncaster,53.5227247729436,-1.13235216699057,16.887288503449927,2009,Thursday,4,April,14.6,6,51
2009-04-26,Widnes,1231,Widnes,53.3620821677151,-2.73412654458895,52.18859666247889,2009,Sunday,4,April,14.6,6,51
2009-06-13,Whitehaven,811,Whitehaven,54.5507278137594,-3.58746267859761,118.02544857451929,2009,Saturday,6,June,19.2,10.9,168.2
2009-07-03,Batley,1286,Batley,53.7144427785144,-1.63370047807361,23.91559243431121,2009,Friday,7,July,20.4,12.6,113.4
2009-07-23,Gateshead,1410,Gateshead,54.9599163378109,-1.60494524952673,109.12788468452595,2009,Thursday,7,July,20.4,12.6,113.4
2009-08-13,Halifax,1457,Halifax,53.7228304660538,-1.8601759049414,28.483802911037273,2009,Thursday,8,August,21,13.3,46.4
2009-08-27,Featherstone,1028,Featherstone,53.6746306224241,-1.35917767663436,20.67730355800864,2009,Thursday,8,August,21,13.3,46.4
2009-09-03,Barrow,1283,Barrow,51.1721895775365,-2.64292218669653,160.579615645515,2009,Thursday,9,September,18,10.9,26.8
2009-09-11,Featherstone,802,Featherstone,53.6746306224241,-1.35917767663436,20.67730355800864,2009,Friday,9,September,18,10.9,26.8
2010-02-14,York,814,York,53.7985731804406,-2.44282326711126,49.22209729133019,2010,Sunday,2,February,4.4,0.2,53.6
2010-02-17,Halifax,851,Halifax,53.7228304660538,-1.8601759049414,28.483802911037273,2010,Wednesday,2,February,4.4,0.2,53.6
2010-03-07,Thatto Heath,502,Thatto Heath,53.4352491838733,-2.75314941064357,53.033470049218046,2010,Sunday,3,March,9.9,3,56.4
2010-03-14,Widnes,1085,Widnes,53.3620821677151,-2.73412654458895,52.18859666247889,2010,Sunday,3,March,9.9,3,56.4
2010-03-19,Dewsbury,835,Dewsbury,53.6917201746677,-1.62768871869344,22.341546560529377,2010,Friday,3,March,9.9,3,56.4
2010-04-11,Featherstone,2871,Featherstone,53.6746306224241,-1.35917767663436,20.67730355800864,2010,Sunday,4,April,13.8,5.1,24.8
2010-04-17,Wigan,2950,Wigan,53.5455435760623,-2.62969531846227,49.07194367619324,2010,Saturday,4,April,13.8,5.1,24.8
2010-05-03,Whitehaven,1301,Whitehaven,54.5507278137594,-3.58746267859761,118.02544857451929,2010,Monday,5,May,15.2,7.1,21.2
2010-05-12,Batley,1170,Batley,53.7144427785144,-1.63370047807361,23.91559243431121,2010,Wednesday,5,May,15.2,7.1,21.2
2010-05-27,Keighley,1271,Keighley,53.8674762656362,-1.90961927150711,38.07164777199404,2010,Thursday,5,May,15.2,7.1,21.2
2010-06-24,Barrow,848,Barrow,51.1721895775365,-2.64292218669653,160.579615645515,2010,Thursday,6,June,20.4,11,41.2
2010-08-08,Halifax,1473,Halifax,53.7228304660538,-1.8601759049414,28.483802911037273,2010,Sunday,8,August,19.5,11.7,39.6
2010-08-19,Leigh,1243,Leigh,50.7986148206032,-1.96623431051373,179.77477352854174,2010,Thursday,8,August,19.5,11.7,39.6
2011-02-13,Whitehaven,727,Whitehaven,54.5507278137594,-3.58746267859761,118.02544857451929,2011,Sunday,2,February,8.8,4.2,104.2
2011-02-27,Hunslet,854,Hunslet,53.7787866218433,-1.53697703982988,27.523656673851814,2011,Sunday,2,February,8.8,4.2,104.2
2011-03-06,Leeds Met,350,Leeds,53.8007051115385,-1.550263719871,29.08825582694335,2011,Sunday,3,March,10.9,3.4,12.4
2011-03-13,Widnes,1831,Widnes,53.3620821677151,-2.73412654458895,52.18859666247889,2011,Sunday,3,March,10.9,3.4,12.4
2011-04-03,Halifax,1282,Halifax,53.7228304660538,-1.8601759049414,28.483802911037273,2011,Sunday,4,April,17.1,7.5,11.2
2011-05-15,Leigh,1778,Leigh,50.7986148206032,-1.96623431051373,179.77477352854174,2011,Sunday,5,May,16.7,8.4,40.2
2011-05-29,Hunslet,907,Hunslet,53.7787866218433,-1.53697703982988,27.523656673851814,2011,Sunday,5,May,16.7,8.4,40.2
2011-06-03,Dewsbury,683,Dewsbury,53.6917201746677,-1.62768871869344,22.341546560529377,2011,Friday,6,June,19.4,10,47.8
2011-06-30,Barrow,1054,Barrow,51.1721895775365,-2.64292218669653,160.579615645515,2011,Thursday,6,June,19.4,10,47.8
2011-08-21,Batley,1174,Batley,53.7144427785144,-1.63370047807361,23.91559243431121,2011,Sunday,8,August,20.1,12.2,42
2011-08-28,Featherstone,1336,Featherstone,53.6746306224241,-1.35917767663436,20.67730355800864,2011,Sunday,8,August,20.1,12.2,42
2011-09-04,York,1147,York,53.7985731804406,-2.44282326711126,49.22209729133019,2011,Sunday,9,September,19.5,11.6,27.8
2011-09-09,Widnes,564,Widnes,53.3620821677151,-2.73412654458895,52.18859666247889,2011,Friday,9,September,19.5,11.6,27.8
2011-09-18,Halifax,1233,Halifax,53.7228304660538,-1.8601759049414,28.483802911037273,2011,Sunday,9,September,19.5,11.6,27.8
2012-02-19,Leigh,1045,Leigh,50.7986148206032,-1.96623431051373,179.77477352854174,2012,Sunday,2,February,7.6,2.3,26.2
2012-03-02,York,725,York,53.7985731804406,-2.44282326711126,49.22209729133019,2012,Friday,3,March,13.6,4.7,32.6
2012-03-11,Swinton,1815,Swinton,53.512219777357,-2.34030566231619,36.97502267798857,2012,Sunday,3,March,13.6,4.7,32.6
2012-03-29,Halifax,1412,Halifax,53.7228304660538,-1.8601759049414,28.483802911037273,2012,Thursday,3,March,13.6,4.7,32.6
2012-05-06,Leigh,1237,Leigh,50.7986148206032,-1.96623431051373,179.77477352854174,2012,Sunday,5,May,16.4,7.6,48
2012-05-18,Dewsbury,1154,Dewsbury,53.6917201746677,-1.62768871869344,22.341546560529377,2012,Friday,5,May,16.4,7.6,48
2012-05-24,Batley,1117,Batley,53.7144427785144,-1.63370047807361,23.91559243431121,2012,Thursday,5,May,16.4,7.6,48
2012-06-15,Hunslet,286,Hunslet,53.7787866218433,-1.53697703982988,27.523656673851814,2012,Friday,6,June,17.3,10.3,166.6
2012-06-22,York,784,York,53.7985731804406,-2.44282326711126,49.22209729133019,2012,Friday,6,June,17.3,10.3,166.6
2012-07-06,Halifax,671,Halifax,53.7228304660538,-1.8601759049414,28.483802911037273,2012,Friday,7,July,19.5,12.3,107.2
2012-07-20,Keighley,854,Keighley,53.8674762656362,-1.90961927150711,38.07164777199404,2012,Friday,7,July,19.5,12.3,107.2
2012-08-10,Hunslet,777,Hunslet,53.7787866218433,-1.53697703982988,27.523656673851814,2012,Friday,8,August,20.9,12.5,99.2
2012-08-16,Featherstone,1449,Featherstone,53.6746306224241,-1.35917767663436,20.67730355800864,2012,Thursday,8,August,20.9,12.5,99.2
2012-09-09,Batley,722,Batley,53.7144427785144,-1.63370047807361,23.91559243431121,2012,Sunday,9,September,17.1,9.7,90.6
2013-02-08,Batley,1008,Batley,53.7144427785144,-1.63370047807361,23.91559243431121,2013,Friday,2,February,5.2,0.6,63.4
2013-03-01,York,1011,York,53.7985731804406,-2.44282326711126,49.22209729133019,2013,Friday,3,March,4.5,-0.2,63.4
2013-03-14,Featherstone,1243,Featherstone,53.6746306224241,-1.35917767663436,20.67730355800864,2013,Thursday,3,March,4.5,-0.2,63.4
2013-03-29,Doncaster,1253,Doncaster,53.5227247729436,-1.13235216699057,16.887288503449927,2013,Friday,3,March,4.5,-0.2,63.4
2013-04-07,Leigh East,333,Leigh,50.7986148206032,-1.96623431051373,179.77477352854174,2013,Sunday,4,April,11.9,4,9.2
2013-04-14,Barrow,1177,Barrow,51.1721895775365,-2.64292218669653,160.579615645515,2013,Sunday,4,April,11.9,4,9.2
2013-04-20,Dewsbury,467,Dewsbury,53.6917201746677,-1.62768871869344,22.341546560529377,2013,Saturday,4,April,11.9,4,9.2
2013-05-03,Dewsbury,904,Dewsbury,53.6917201746677,-1.62768871869344,22.341546560529377,2013,Friday,5,May,15.5,6.9,84.2
2013-05-10,Halifax,782,Halifax,53.7228304660538,-1.8601759049414,28.483802911037273,2013,Friday,5,May,15.5,6.9,84.2
2013-05-19,Barrow,408,Barrow,51.1721895775365,-2.64292218669653,160.579615645515,2013,Sunday,5,May,15.5,6.9,84.2
2013-05-24,Halifax,1104,Halifax,53.7228304660538,-1.8601759049414,28.483802911037273,2013,Friday,5,May,15.5,6.9,84.2
2013-06-09,Whitehaven,1028,Whitehaven,54.5507278137594,-3.58746267859761,118.02544857451929,2013,Sunday,6,June,18.8,10.1,37.8
2013-06-14,Dewsbury,576,Dewsbury,53.6917201746677,-1.62768871869344,22.341546560529377,2013,Friday,6,June,18.8,10.1,37.8
2013-07-05,Swinton,814,Swinton,53.512219777357,-2.34030566231619,36.97502267798857,2013,Friday,7,July,24,13.7,56.6
2013-07-12,London B,2459,London B,51.0936563185211,0.689323147139816,182.5886426396687,2013,Friday,7,July,24,13.7,56.6
2013-07-26,Keighley,710,Keighley,53.8674762656362,-1.90961927150711,38.07164777199404,2013,Friday,7,July,24,13.7,56.6
2013-07-31,Workington,732,Workington,54.6433740020279,-3.5493692518853,121.34245037563076,2013,Wednesday,7,July,24,13.7,56.6
2013-08-09,Leigh,1012,Leigh,50.7986148206032,-1.96623431051373,179.77477352854174,2013,Friday,8,August,21.6,13.1,33.4
2013-08-22,Hunslet,1184,Hunslet,53.7787866218433,-1.53697703982988,27.523656673851814,2013,Thursday,8,August,21.6,13.1,33.4
2013-09-06,Halifax,773,Halifax,53.7228304660538,-1.8601759049414,28.483802911037273,2013,Friday,9,September,17.5,10.2,47.2
2013-09-15,Dewsbury,839,Dewsbury,53.6917201746677,-1.62768871869344,22.341546560529377,2013,Sunday,9,September,17.5,10.2,47.2
2014-03-02,Barrow,897,Barrow,51.1721895775365,-2.64292218669653,160.579615645515,2014,Sunday,3,March,11.6,4.2,48.6
2014-03-16,East Leeds,619,Leeds,53.8007051115385,-1.550263719871,29.08825582694335,2014,Sunday,3,March,11.6,4.2,48.6
2014-03-23,Dewsbury,911,Dewsbury,53.6917201746677,-1.62768871869344,22.341546560529377,2014,Sunday,3,March,11.6,4.2,48.6
2014-04-05,Skolars,505,London,51.507407131244,-0.127724044764816,141.32159311440228,2014,Saturday,4,April,14.2,6.7,60.4
2014-04-20,Doncaster,1018,Doncaster,53.5227247729436,-1.13235216699057,16.887288503449927,2014,Sunday,4,April,14.2,6.7,60.4
2014-05-11,Featherstone,1279,Featherstone,53.6746306224241,-1.35917767663436,20.67730355800864,2014,Sunday,5,May,16.6,8.5,123.8
2014-05-25,Leigh,1151,Leigh,50.7986148206032,-1.96623431051373,179.77477352854174,2014,Sunday,5,May,16.6,8.5,123.8
2014-06-08,Workington,712,Workington,54.6433740020279,-3.5493692518853,121.34245037563076,2014,Sunday,6,June,19.4,11.4,45.4
2014-06-22,Keighley,743,Keighley,53.8674762656362,-1.90961927150711,38.07164777199404,2014,Sunday,6,June,19.4,11.4,45.4
2014-06-29,Halifax,955,Halifax,53.7228304660538,-1.8601759049414,28.483802911037273,2014,Sunday,6,June,19.4,11.4,45.4
2014-07-13,Crusaders,671,Wrexham,53.0479261125048,-2.994781998091,67.24362743866583,2014,Sunday,7,July,23.2,13.3,20
2014-07-27,Batley,763,Batley,53.7144427785144,-1.63370047807361,23.91559243431121,2014,Sunday,7,July,23.2,13.3,20
2014-08-10,Swinton,600,Swinton,53.512219777357,-2.34030566231619,36.97502267798857,2014,Sunday,8,August,19.3,11.5,67.4
2014-08-17,Whitehaven,644,Whitehaven,54.5507278137594,-3.58746267859761,118.02544857451929,2014,Sunday,8,August,19.3,11.5,67.4
2014-08-20,Rochdale,560,Rochdale,53.6169648505924,-2.15670801279661,32.59332470438116,2014,Wednesday,8,August,19.3,11.5,67.4
2014-09-13,Batley,695,Batley,53.7144427785144,-1.63370047807361,23.91559243431121,2014,Saturday,9,September,18.4,10.9,9.6
2015-02-22,London B,850,London B,51.0936563185211,0.689323147139816,182.5886426396687,2015,Sunday,2,February,6.9,2,35.4
2015-03-08,Batley,1358,Batley,53.7144427785144,-1.63370047807361,23.91559243431121,2015,Sunday,3,March,9.8,3.2,71.4
2015-03-22,Oldham,484,Oldham,53.5421657962779,-2.11595949931263,28.825735711277947,2015,Sunday,3,March,9.8,3.2,71.4
2015-03-29,Hunslet,1136,Hunslet,53.7787866218433,-1.53697703982988,27.523656673851814,2015,Sunday,3,March,9.8,3.2,71.4
2015-04-12,Leigh,1454,Leigh,50.7986148206032,-1.96623431051373,179.77477352854174,2015,Sunday,4,April,14.3,5,21.4
2015-04-19,Hull,1620,Hull,53.8589756237951,-0.404743999331178,54.6280965468031,2015,Sunday,4,April,14.3,5,21.4
2015-04-26,Halifax,1437,Halifax,53.7228304660538,-1.8601759049414,28.483802911037273,2015,Sunday,4,April,14.3,5,21.4
2015-05-08,Doncaster,863,Doncaster,53.5227247729436,-1.13235216699057,16.887288503449927,2015,Friday,5,May,14.8,7.7,83.6
2015-05-19,Dewsbury,682,Dewsbury,53.6917201746677,-1.62768871869344,22.341546560529377,2015,Tuesday,5,May,14.8,7.7,83.6
2015-06-13,Whitehaven,503,Whitehaven,54.5507278137594,-3.58746267859761,118.02544857451929,2015,Saturday,6,June,19.1,10,43.2
2015-06-28,Workington,506,Workington,54.6433740020279,-3.5493692518853,121.34245037563076,2015,Sunday,6,June,19.1,10,43.2
2015-07-12,Bradford,2153,Bradford,50.842260748221,-4.24552088252458,211.3628397865572,2015,Sunday,7,July,20.8,12,30
2015-07-19,Featherstone,2443,Featherstone,53.6746306224241,-1.35917767663436,20.67730355800864,2015,Sunday,7,July,20.8,12,30
2015-08-23,Halifax,854,Halifax,53.7228304660538,-1.8601759049414,28.483802911037273,2015,Sunday,8,August,20.6,12.5,66.2
2015-09-18,Hull KR,2017,Hull,53.8589756237951,-0.404743999331178,54.6280965468031,2015,Friday,9,September,16.9,8.7,29.2
2015-09-27,Wakefield,1712,Wakefield,53.6837065635892,-1.49816942672736,20.846247782930828,2015,Sunday,9,September,16.9,8.7,29.2
2016-02-12,Halifax,1350,Halifax,53.7228304660538,-1.8601759049414,28.483802911037273,2016,Friday,2,February,7.8,2,68.6
2016-02-26,Swinton,508,Swinton,53.512219777357,-2.34030566231619,36.97502267798857,2016,Friday,2,February,7.8,2,68.6
2016-03-12,Whitehaven,502,Whitehaven,54.5507278137594,-3.58746267859761,118.02544857451929,2016,Saturday,3,March,9.1,2.9,87.2
2016-03-19,Swinton,412,Swinton,53.512219777357,-2.34030566231619,36.97502267798857,2016,Saturday,3,March,9.1,2.9,87.2
2016-04-22,London,513,London,51.507407131244,-0.127724044764816,141.32159311440228,2016,Friday,4,April,11.6,3.8,65.8
2016-04-29,Dewsbury,441,Dewsbury,53.6917201746677,-1.62768871869344,22.341546560529377,2016,Friday,4,April,11.6,3.8,65.8
2016-05-14,Workington,494,Workington,54.6433740020279,-3.5493692518853,121.34245037563076,2016,Saturday,5,May,16.9,7.9,58.2
2016-05-20,Bradford,995,Bradford,50.842260748221,-4.24552088252458,211.3628397865572,2016,Friday,5,May,16.9,7.9,58.2
2016-06-10,Batley,651,Batley,53.7144427785144,-1.63370047807361,23.91559243431121,2016,Friday,6,June,18.8,11.1,130.4
2016-06-24,Featherstone,817,Featherstone,53.6746306224241,-1.35917767663436,20.67730355800864,2016,Friday,6,June,18.8,11.1,130.4
2016-07-01,Oldham,531,Oldham,53.5421657962779,-2.11595949931263,28.825735711277947,2016,Friday,7,July,21.3,13.5,30
2016-07-15,Leigh,774,Leigh,50.7986148206032,-1.96623431051373,179.77477352854174,2016,Friday,7,July,21.3,13.5,30
2016-08-14,Whitehaven,412,Whitehaven,54.5507278137594,-3.58746267859761,118.02544857451929,2016,Sunday,8,August,21,13.2,62
2016-08-21,Swinton,466,Swinton,53.512219777357,-2.34030566231619,36.97502267798857,2016,Sunday,8,August,21,13.2,62
2016-09-04,Workington,380,Workington,54.6433740020279,-3.5493692518853,121.34245037563076,2016,Sunday,9,September,19.9,12.5,44.2
2016-09-11,Dewsbury,564,Dewsbury,53.6917201746677,-1.62768871869344,22.341546560529377,2016,Sunday,9,September,19.9,12.5,44.2
2017-02-26,Batley,662,Batley,53.7144427785144,-1.63370047807361,23.91559243431121,2017,Sunday,2,February,8.1,3.5,58.2
2017-03-12,Featherstone,1017,Featherstone,53.6746306224241,-1.35917767663436,20.67730355800864,2017,Sunday,3,March,12.3,5.5,62.6
2017-04-02,London B,319,London B,51.0936563185211,0.689323147139816,182.5886426396687,2017,Sunday,4,April,13.4,5.6,15.8
2017-04-17,Dewsbury,482,Dewsbury,53.6917201746677,-1.62768871869344,22.341546560529377,2017,Monday,4,April,13.4,5.6,15.8
2017-05-07,Bradford,1437,Bradford,50.842260748221,-4.24552088252458,211.3628397865572,2017,Sunday,5,May,17.9,9,53.2
2017-06-04,Rochdale,341,Rochdale,53.6169648505924,-2.15670801279661,32.59332470438116,2017,Sunday,6,June,20.3,12.6,89
2017-06-11,Halifax,672,Halifax,53.7228304660538,-1.8601759049414,28.483802911037273,2017,Sunday,6,June,20.3,12.6,89
2017-06-25,Hull KR,1619,Hull,53.8589756237951,-0.404743999331178,54.6280965468031,2017,Sunday,6,June,20.3,12.6,89
2017-07-02,Swinton,379,Swinton,53.512219777357,-2.34030566231619,36.97502267798857,2017,Sunday,7,July,21.2,12.6,78.2
2017-07-16,Oldham,329,Oldham,53.5421657962779,-2.11595949931263,28.825735711277947,2017,Sunday,7,July,21.2,12.6,78.2
2017-08-06,Oldham,305,Oldham,53.5421657962779,-2.11595949931263,28.825735711277947,2017,Sunday,8,August,19.9,12.1,68.6
2017-08-20,Dewsbury,363,Dewsbury,53.6917201746677,-1.62768871869344,22.341546560529377,2017,Sunday,8,August,19.9,12.1,68.6
2017-09-03,Bradford,896,Bradford,50.842260748221,-4.24552088252458,211.3628397865572,2017,Sunday,9,September,17.3,10.3,70.4
2017-09-10,Rochdale,297,Rochdale,53.6169648505924,-2.15670801279661,32.59332470438116,2017,Sunday,9,September,17.3,10.3,70.4
2018-03-11,Toronto,863,Toronto,54.6699767498691,-1.69203391782866,89.41664572370146,2018,Sunday,3,March,7.5,1.7,113.2
2018-03-30,Rochdale,516,Rochdale,53.6169648505924,-2.15670801279661,32.59332470438116,2018,Friday,3,March,7.5,1.7,113.2
2018-04-02,Batley,597,Batley,53.7144427785144,-1.63370047807361,23.91559243431121,2018,Monday,4,April,13.2,6,97
2018-04-15,Leigh,982,Leigh,50.7986148206032,-1.96623431051373,179.77477352854174,2018,Sunday,4,April,13.2,6,97
2018-05-06,Halifax,891,Halifax,53.7228304660538,-1.8601759049414,28.483802911037273,2018,Sunday,5,May,19.4,8.7,36.8
2018-05-13,London B,517,London B,51.0936563185211,0.689323147139816,182.5886426396687,2018,Sunday,5,May,19.4,8.7,36.8
2018-06-10,Swinton,872,Swinton,53.512219777357,-2.34030566231619,36.97502267798857,2018,Sunday,6,June,21.5,11.7,23.2
2018-06-23,Featherstone,917,Featherstone,53.6746306224241,-1.35917767663436,20.67730355800864,2018,Saturday,6,June,21.5,11.7,23.2
2018-07-15,Dewsbury,425,Dewsbury,53.6917201746677,-1.62768871869344,22.341546560529377,2018,Sunday,7,July,25.4,13.9,23.2
2018-07-22,Barrow,702,Barrow,51.1721895775365,-2.64292218669653,160.579615645515,2018,Sunday,7,July,25.4,13.9,23.2
2018-08-31,Dewsbury,638,Dewsbury,53.6917201746677,-1.62768871869344,22.341546560529377,2018,Friday,8,August,21.8,13.3,27.4
2018-09-07,Featherstone,689,Featherstone,53.6746306224241,-1.35917767663436,20.67730355800864,2018,Friday,9,September,18,10.2,88.6
2018-09-23,Barrow,404,Barrow,51.1721895775365,-2.64292218669653,160.579615645515,2018,Sunday,9,September,18,10.2,88.6
2018-09-30,Rochdale,789,Rochdale,53.6169648505924,-2.15670801279661,32.59332470438116,2018,Sunday,9,September,18,10.2,88.6
2019-02-03,Swinton,1259,Swinton,53.512219777357,-2.34030566231619,36.97502267798857,2019,Sunday,2,February,11.2,3.2,32.2
2019-02-15,Bradford,1711,Bradford,50.842260748221,-4.24552088252458,211.3628397865572,2019,Friday,2,February,11.2,3.2,32.2
2019-03-01,Batley,791,Batley,53.7144427785144,-1.63370047807361,23.91559243431121,2019,Friday,3,March,11.5,4.7,118.2
2019-03-31,Leigh,596,Leigh,50.7986148206032,-1.96623431051373,179.77477352854174,2019,Sunday,3,March,11.5,4.7,118.2
2019-04-28,Halifax,966,Halifax,53.7228304660538,-1.8601759049414,28.483802911037273,2019,Sunday,4,April,14.1,4.4,16.2
2019-05-24,Toronto,932,Toronto,54.6699767498691,-1.69203391782866,89.41664572370146,2019,Friday,5,May,16.1,7.8,43.8
2019-06-09,Featherstone,1321,Featherstone,53.6746306224241,-1.35917767663436,20.67730355800864,2019,Sunday,6,June,18.6,10.5,130.2
2019-06-21,Rochdale,543,Rochdale,53.6169648505924,-2.15670801279661,32.59332470438116,2019,Friday,6,June,18.6,10.5,130.2
2019-06-30,Leigh,1082,Leigh,50.7986148206032,-1.96623431051373,179.77477352854174,2019,Sunday,6,June,18.6,10.5,130.2
2019-07-05,York,793,York,53.7985731804406,-2.44282326711126,49.22209729133019,2019,Friday,7,July,22.7,14.1,126
2019-07-12,Dewsbury,691,Dewsbury,53.6917201746677,-1.62768871869344,22.341546560529377,2019,Friday,7,July,22.7,14.1,126
2019-07-28,Batley,727,Batley,53.7144427785144,-1.63370047807361,23.91559243431121,2019,Sunday,7,July,22.7,14.1,126
2019-08-02,Widnes,772,Widnes,53.3620821677151,-2.73412654458895,52.18859666247889,2019,Friday,8,August,22,13.7,64.8
2019-08-18,Barrow,677,Barrow,51.1721895775365,-2.64292218669653,160.579615645515,2019,Sunday,8,August,22,13.7,64.8
2020-02-22,Halifax,429,Halifax,53.7228304660538,-1.8601759049414,28.483802911037273,2020,Saturday,2,February,8.9,3,224.6
2020-03-15,Workington,323,Workington,54.6433740020279,-3.5493692518853,121.34245037563076,2020,Sunday,3,March,10.6,2.8,43.6
2021-03-19,York,0,York,53.7985731804406,-2.44282326711126,49.22209729133019,2021,Friday,3,March,11.1,4.4,68.2
2021-04-04,Bradford,0,Bradford,50.842260748221,-4.24552088252458,211.3628397865572,2021,Sunday,4,April,11.5,1.9,5.6
2021-05-01,London,0,London,51.507407131244,-0.127724044764816,141.32159311440228,2021,Saturday,5,May,14.9,6.2,130.2
2021-05-07,Batley,0,Batley,53.7144427785144,-1.63370047807361,23.91559243431121,2021,Friday,5,May,14.9,6.2,130.2
2021-05-23,Featherstone,620,Featherstone,53.6746306224241,-1.35917767663436,20.67730355800864,2021,Sunday,5,May,14.9,6.2,130.2
2021-05-30,Whitehaven,343,Whitehaven,54.5507278137594,-3.58746267859761,118.02544857451929,2021,Sunday,5,May,14.9,6.2,130.2
2021-07-25,Halifax,775,Halifax,53.7228304660538,-1.8601759049414,28.483802911037273,2021,Sunday,7,July,22.8,14.1,69.4
2021-08-15,Oldham,372,Oldham,53.5421657962779,-2.11595949931263,28.825735711277947,2021,Sunday,8,August,19.8,13,30.8
2021-09-05,Dewsbury,432,Dewsbury,53.6917201746677,-1.62768871869344,22.341546560529377,2021,Sunday,9,September,20.2,12.6,46.4
2021-09-12,Swinton,430,Swinton,53.512219777357,-2.34030566231619,36.97502267798857,2021,Sunday,9,September,20.2,12.6,46.4
2022-03-26,Hull,1039,Hull,53.8589756237951,-0.404743999331178,54.6280965468031,2022,Saturday,3,March,11.9,3.7,46.4
2022-04-09,Whitehaven,150,Whitehaven,54.5507278137594,-3.58746267859761,118.02544857451929,2022,Saturday,4,April,13.7,5.1,27.6
2022-04-16,London,943,London,51.507407131244,-0.127724044764816,141.32159311440228,2022,Saturday,4,April,13.7,5.1,27.6
2022-04-22,Newcastle,385,Newcastle,56.1941697197945,-3.21082545774085,206.2780491515284,2022,Friday,4,April,13.7,5.1,27.6
2022-05-23,Widnes,795,Widnes,53.3620821677151,-2.73412654458895,52.18859666247889,2022,Monday,5,May,17.8,9.6,28.4
2022-06-02,York,786,York,53.7985731804406,-2.44282326711126,49.22209729133019,2022,Thursday,6,June,20.4,10.8,55
2022-06-12,Bradford,799,Bradford,50.842260748221,-4.24552088252458,211.3628397865572,2022,Sunday,6,June,20.4,10.8,55
2022-06-24,Leigh,758,Leigh,50.7986148206032,-1.96623431051373,179.77477352854174,2022,Friday,6,June,20.4,10.8,55
2022-07-08,Batley,678,Batley,53.7144427785144,-1.63370047807361,23.91559243431121,2022,Friday,7,July,23.2,14.5,23.8
2022-07-17,Barrow,621,Barrow,51.1721895775365,-2.64292218669653,160.579615645515,2022,Sunday,7,July,23.2,14.5,23.8
2022-07-24,Workington,644,Workington,54.6433740020279,-3.5493692518853,121.34245037563076,2022,Sunday,7,July,23.2,14.5,23.8
2022-08-07,Whitehaven,727,Whitehaven,54.5507278137594,-3.58746267859761,118.02544857451929,2022,Sunday,8,August,23.9,13.6,56.4
2022-08-12,Halifax,569,Halifax,53.7228304660538,-1.8601759049414,28.483802911037273,2022,Friday,8,August,23.9,13.6,56.4
2022-09-02,Featherstone,912,Featherstone,53.6746306224241,-1.35917767663436,20.67730355800864,2022,Friday,9,September,18.4,11.1,50
2022-09-14,Dewsbury,604,Dewsbury,53.6917201746677,-1.62768871869344,22.341546560529377,2022,Wednesday,9,September,18.4,11.1,50
